{
  "threshold": 0.4,
  "metrics": {
    "accuracy": 0.11963882618510158,
    "precision": 0.31547619047619047,
    "recall": 0.16158536585365854,
    "f1": 0.21370967741935484
  },
  "sweep": {
    "0.05": {
      "accuracy": 0.05813953488372093,
      "precision": 0.06420133538777606,
      "recall": 0.38109756097560976,
      "f1": 0.10989010989010989
    },
    "0.1": {
      "accuracy": 0.07380073800738007,
      "precision": 0.08873114463176575,
      "recall": 0.3048780487804878,
      "f1": 0.13745704467353953
    },
    "0.15": {
      "accuracy": 0.07460035523978685,
      "precision": 0.09523809523809523,
      "recall": 0.25609756097560976,
      "f1": 0.13884297520661157
    },
    "0.2": {
      "accuracy": 0.07692307692307693,
      "precision": 0.10101010101010101,
      "recall": 0.24390243902439024,
      "f1": 0.14285714285714285
    },
    "0.25": {
      "accuracy": 0.0745945945945946,
      "precision": 0.1036036036036036,
      "recall": 0.21036585365853658,
      "f1": 0.13883299798792756
    },
    "0.3": {
      "accuracy": 0.07692307692307693,
      "precision": 0.11267605633802817,
      "recall": 0.1951219512195122,
      "f1": 0.14285714285714285
    },
    "0.35": {
      "accuracy": 0.10815939278937381,
      "precision": 0.22265625,
      "recall": 0.17378048780487804,
      "f1": 0.1952054794520548
    },
    "0.4": {
      "accuracy": 0.11963882618510158,
      "precision": 0.31547619047619047,
      "recall": 0.16158536585365854,
      "f1": 0.21370967741935484
    },
    "0.45": {
      "accuracy": 0.11822660098522167,
      "precision": 0.38095238095238093,
      "recall": 0.14634146341463414,
      "f1": 0.21145374449339208
    },
    "0.5": {
      "accuracy": 0.11315789473684211,
      "precision": 0.45263157894736844,
      "recall": 0.13109756097560976,
      "f1": 0.2033096926713948
    },
    "0.55": {
      "accuracy": 0.10109289617486339,
      "precision": 0.49333333333333335,
      "recall": 0.11280487804878049,
      "f1": 0.18362282878411912
    },
    "0.6": {
      "accuracy": 0.08781869688385269,
      "precision": 0.5535714285714286,
      "recall": 0.09451219512195122,
      "f1": 0.16145833333333334
    },
    "0.65": {
      "accuracy": 0.0650887573964497,
      "precision": 0.6875,
      "recall": 0.06707317073170732,
      "f1": 0.12222222222222222
    },
    "0.7": {
      "accuracy": 0.04504504504504504,
      "precision": 0.75,
      "recall": 0.04573170731707317,
      "f1": 0.08620689655172414
    },
    "0.75": {
      "accuracy": 0.030211480362537766,
      "precision": 0.7692307692307693,
      "recall": 0.03048780487804878,
      "f1": 0.05865102639296188
    },
    "0.8": {
      "accuracy": 0.021212121212121213,
      "precision": 0.7777777777777778,
      "recall": 0.021341463414634148,
      "f1": 0.04154302670623145
    },
    "0.85": {
      "accuracy": 0.0182370820668693,
      "precision": 0.8571428571428571,
      "recall": 0.018292682926829267,
      "f1": 0.03582089552238806
    },
    "0.9": {
      "accuracy": 0.012195121951219513,
      "precision": 1.0,
      "recall": 0.012195121951219513,
      "f1": 0.024096385542168676
    },
    "0.95": {
      "accuracy": 0.006097560975609756,
      "precision": 1.0,
      "recall": 0.006097560975609756,
      "f1": 0.012121212121212121
    }
  },
  "classifier_metrics": {
    "logreg_classifier": {
      "accuracy": 0.06389776357827476,
      "precision": 0.08941877794336811,
      "recall": 0.18292682926829268,
      "f1": 0.12012012012012012
    },
    "knn_classifier": {
      "accuracy": 0.07673860911270983,
      "precision": 0.2644628099173554,
      "recall": 0.0975609756097561,
      "f1": 0.14253897550111358
    },
    "xgboost_classifier": {
      "accuracy": 0.08900523560209424,
      "precision": 0.38636363636363635,
      "recall": 0.10365853658536585,
      "f1": 0.16346153846153846
    }
  },
  "n_samples": 17553,
  "n_positive": 328
}