{
  "threshold": 0.05,
  "metrics": {
    "accuracy": 0.1750756499722102,
    "precision": 0.2410304370005101,
    "recall": 0.3901734104046243,
    "f1": 0.2979819213790204
  },
  "sweep": {
    "0.05": {
      "accuracy": 0.1750756499722102,
      "precision": 0.2410304370005101,
      "recall": 0.3901734104046243,
      "f1": 0.2979819213790204
    },
    "0.1": {
      "accuracy": 0.15718618240994156,
      "precision": 0.253640486989735,
      "recall": 0.2924580236718965,
      "f1": 0.2716696497059576
    },
    "0.15": {
      "accuracy": 0.14750179297155153,
      "precision": 0.25946173254835997,
      "recall": 0.254748142031379,
      "f1": 0.25708333333333333
    },
    "0.2": {
      "accuracy": 0.14005787515502274,
      "precision": 0.2596964586846543,
      "recall": 0.23314065510597304,
      "f1": 0.2457030966712597
    },
    "0.25": {
      "accuracy": 0.13259144237405107,
      "precision": 0.2621524816646768,
      "recall": 0.21153316818056703,
      "f1": 0.23413816741564475
    },
    "0.3": {
      "accuracy": 0.12515825646590703,
      "precision": 0.26738794435857804,
      "recall": 0.19047619047619047,
      "f1": 0.222472271339013
    },
    "0.35": {
      "accuracy": 0.12995848708487084,
      "precision": 0.4449269640742203,
      "recall": 0.15510597302504817,
      "f1": 0.23002347178283497
    },
    "0.4": {
      "accuracy": 0.11263600395647873,
      "precision": 0.5256780150028851,
      "recall": 0.12537847508945774,
      "f1": 0.2024669407711968
    },
    "0.45": {
      "accuracy": 0.09181841497819954,
      "precision": 0.5737179487179487,
      "recall": 0.09854115056427196,
      "f1": 0.16819356354240075
    },
    "0.5": {
      "accuracy": 0.06927315665179742,
      "precision": 0.5972850678733032,
      "recall": 0.0726672171758877,
      "f1": 0.12957055214723925
    },
    "0.55": {
      "accuracy": 0.04898286937901499,
      "precision": 0.6398601398601399,
      "recall": 0.05037159372419488,
      "f1": 0.09339117121714723
    },
    "0.6": {
      "accuracy": 0.028633464513502512,
      "precision": 0.6719745222929936,
      "recall": 0.029039361409303605,
      "f1": 0.05567282321899736
    },
    "0.65": {
      "accuracy": 0.018733761794065364,
      "precision": 0.7445652173913043,
      "recall": 0.01885494082025874,
      "f1": 0.036778523489932886
    },
    "0.7": {
      "accuracy": 0.015519846174975965,
      "precision": 0.8828125,
      "recall": 0.015551885494082027,
      "f1": 0.03056532323505545
    },
    "0.75": {
      "accuracy": 0.011137082359411523,
      "precision": 0.9204545454545454,
      "recall": 0.011147811725846408,
      "f1": 0.022028827848789775
    },
    "0.8": {
      "accuracy": 0.008939623160500619,
      "precision": 0.9285714285714286,
      "recall": 0.008945774841728598,
      "f1": 0.01772082878953108
    },
    "0.85": {
      "accuracy": 0.006467593229668364,
      "precision": 0.9791666666666666,
      "recall": 0.006468483347096064,
      "f1": 0.01285206453377085
    },
    "0.9": {
      "accuracy": 0.0038530342644832807,
      "precision": 0.9655172413793104,
      "recall": 0.0038535645472061657,
      "f1": 0.007676490747087046
    },
    "0.95": {
      "accuracy": 0.002064409578860446,
      "precision": 1.0,
      "recall": 0.002064409578860446,
      "f1": 0.004120313143798929
    }
  },
  "classifier_metrics": {
    "logreg_classifier": {
      "accuracy": 0.10784313725490197,
      "precision": 0.23737873688378539,
      "recall": 0.1650151390035783,
      "f1": 0.19469026548672566
    },
    "knn_classifier": {
      "accuracy": 0.06569702945889314,
      "precision": 0.38623188405797104,
      "recall": 0.07335535370217451,
      "f1": 0.12329400879019199
    },
    "xgboost_classifier": {
      "accuracy": 0.06410579345088162,
      "precision": 0.43026204564666104,
      "recall": 0.0700522983759978,
      "f1": 0.12048763167238727
    }
  },
  "n_samples": 84837,
  "n_positive": 7266
}