{
  "threshold": 0.35,
  "metrics": {
    "accuracy": 0.21929824561403508,
    "precision": 0.7142857142857143,
    "recall": 0.2403846153846154,
    "f1": 0.3597122302158273
  },
  "sweep": {
    "0.05": {
      "accuracy": 0.12941176470588237,
      "precision": 0.13983050847457626,
      "recall": 0.6346153846153846,
      "f1": 0.22916666666666666
    },
    "0.1": {
      "accuracy": 0.16544117647058823,
      "precision": 0.2112676056338028,
      "recall": 0.4326923076923077,
      "f1": 0.28391167192429023
    },
    "0.15": {
      "accuracy": 0.17592592592592593,
      "precision": 0.25333333333333335,
      "recall": 0.36538461538461536,
      "f1": 0.2992125984251969
    },
    "0.2": {
      "accuracy": 0.1791044776119403,
      "precision": 0.2706766917293233,
      "recall": 0.34615384615384615,
      "f1": 0.3037974683544304
    },
    "0.25": {
      "accuracy": 0.17415730337078653,
      "precision": 0.29523809523809524,
      "recall": 0.2980769230769231,
      "f1": 0.2966507177033493
    },
    "0.3": {
      "accuracy": 0.1917808219178082,
      "precision": 0.4,
      "recall": 0.2692307692307692,
      "f1": 0.3218390804597701
    },
    "0.35": {
      "accuracy": 0.21929824561403508,
      "precision": 0.7142857142857143,
      "recall": 0.2403846153846154,
      "f1": 0.3597122302158273
    },
    "0.4": {
      "accuracy": 0.18518518518518517,
      "precision": 0.8333333333333334,
      "recall": 0.19230769230769232,
      "f1": 0.3125
    },
    "0.45": {
      "accuracy": 0.1574074074074074,
      "precision": 0.8095238095238095,
      "recall": 0.16346153846153846,
      "f1": 0.272
    },
    "0.5": {
      "accuracy": 0.10185185185185185,
      "precision": 0.7333333333333333,
      "recall": 0.10576923076923077,
      "f1": 0.18487394957983194
    },
    "0.55": {
      "accuracy": 0.07547169811320754,
      "precision": 0.8,
      "recall": 0.07692307692307693,
      "f1": 0.14035087719298245
    },
    "0.6": {
      "accuracy": 0.05660377358490566,
      "precision": 0.75,
      "recall": 0.057692307692307696,
      "f1": 0.10714285714285714
    },
    "0.65": {
      "accuracy": 0.02830188679245283,
      "precision": 0.6,
      "recall": 0.028846153846153848,
      "f1": 0.05504587155963303
    },
    "0.7": {
      "accuracy": 0.02857142857142857,
      "precision": 0.75,
      "recall": 0.028846153846153848,
      "f1": 0.05555555555555555
    },
    "0.75": {
      "accuracy": 0.019230769230769232,
      "precision": 1.0,
      "recall": 0.019230769230769232,
      "f1": 0.03773584905660377
    },
    "0.8": {
      "accuracy": 0.009615384615384616,
      "precision": 1.0,
      "recall": 0.009615384615384616,
      "f1": 0.01904761904761905
    },
    "0.85": {
      "accuracy": 0.009615384615384616,
      "precision": 1.0,
      "recall": 0.009615384615384616,
      "f1": 0.01904761904761905
    },
    "0.9": {
      "accuracy": 0.0,
      "precision": 0.0,
      "recall": 0.0,
      "f1": 0.0
    },
    "0.95": {
      "accuracy": 0.0,
      "precision": 0.0,
      "recall": 0.0,
      "f1": 0.0
    }
  },
  "classifier_metrics": {
    "logreg_classifier": {
      "accuracy": 0.16666666666666666,
      "precision": 0.352112676056338,
      "recall": 0.2403846153846154,
      "f1": 0.2857142857142857
    },
    "knn_classifier": {
      "accuracy": 0.0736196319018405,
      "precision": 0.16901408450704225,
      "recall": 0.11538461538461539,
      "f1": 0.13714285714285715
    },
    "xgboost_classifier": {
      "accuracy": 0.05714285714285714,
      "precision": 0.8571428571428571,
      "recall": 0.057692307692307696,
      "f1": 0.10810810810810811
    }
  },
  "n_samples": 4038,
  "n_positive": 104
}